{"cameraMode":{"drawMode":0,"name":"Shaded","section":"Shading Mode"},"sceneLighting":false,"audioPlay":false,"sceneViewState":{"m_AlwaysRefresh":false,"showFog":true,"showSkybox":false,"showFlares":true,"showImageEffects":true,"showParticleSystems":true,"showVisualEffectGraphs":true,"m_FxEnabled":true},"in2DMode":false,"pivot":{"x":-5.960464477539063e-8,"y":-0.10389536619186402,"z":-0.30326133966445925},"rotation":{"x":-0.37202149629592898,"y":0.6100044846534729,"z":-0.39126136898994448,"w":-0.5800116658210754},"size":1.529421329498291,"orthographic":false}